epoch,step,total_train_loss,real_train_loss,rec_train_loss,contra_train_loss,real_train_acc,rec_train_acc,real_train_top5,rec_train_top5,total_val_loss,real_val_loss,rec_val_loss,contra_val_loss,real_val_acc,rec_val_acc,real_val_top5,rec_val_top5,sav_version
0,1266,0.7183739256708166,0.24678652548771146,0.4637030735141105,0.0788432761576574,0.9458765304107419,0.9195059488546605,0.991089648064256,0.7857433219281817,1.1585525545206936,0.5512904682845781,0.5346440042961728,0.7261808054013685,0.8929159382284378,0.9000309586247087,0.7603951812979788,0.6939970952865181,1
1,2532,0.33730731181812135,0.0735976523105467,0.26024084743612563,0.03468812022455284,0.9766421060426543,0.9490033817140594,0.9874458338627231,0.7654848935469735,0.8725912814790552,0.424809955342701,0.4049381778547258,0.42843149015397736,0.917691032925408,0.9193983100233101,0.7525379149842117,0.6775322494350442,2
2,3798,0.3023255108539339,0.06112455073920613,0.23803083353645005,0.031701267456362175,0.9806458580173781,0.9525233264218004,0.9891810683447123,0.7677866972382179,0.8162736215374686,0.3920448061191674,0.3801502497358756,0.4407857089783206,0.9256219041375292,0.9240211611305363,0.7822955193587452,0.6976506477882775,3
3,5064,0.2828349669892076,0.054392511428202873,0.2254843271644948,0.029581284872145872,0.9828075631911544,0.9546763921800967,0.990171494777788,0.7757580398971117,0.7193868851119821,0.3310033277128682,0.34614468636837875,0.4223887261116143,0.9364610649766902,0.9292613636363637,0.8033611851810768,0.7000473243794822,4
4,6330,0.2701948849840375,0.049983875035186184,0.21717579816401852,0.03035211487927755,0.9842318325434444,0.9561327507898885,0.991448798754839,0.7807338842335004,0.6724090860648588,0.3046876811845736,0.3269975494706269,0.4072385647080161,0.9409118225524473,0.933096590909091,0.8209744168780211,0.71123415716402,5
5,7596,0.2619269163764154,0.04687377454059737,0.21217557130599216,0.028775705694034107,0.9852722650079007,0.9569800306082137,0.9917354657287596,0.7825567469747495,0.6578991986585386,0.2910082529327183,0.329232975163243,0.3765796928694754,0.9441806891025637,0.9327259979603727,0.8436018242549236,0.7037470170338607,6
6,8862,0.2530993490787385,0.04418737851789495,0.20609634467304977,0.02815626312332672,0.9860510466034754,0.9579100019747235,0.9925741934549034,0.7875790288046698,0.6106633399472092,0.26772721522403037,0.3043710882916595,0.38565035344976367,0.9473138840326337,0.9369318181818179,0.8558792814093158,0.7282543385221737,7
7,10128,0.24884232206014095,0.042057754733786576,0.20406172915375062,0.027228382897914915,0.9866551885860976,0.9581463516982627,0.9933387149586972,0.7884257925707261,0.616757953708822,0.276572465473278,0.3015755419478272,0.3860994193590049,0.9472874781468533,0.9384269376456879,0.845459477346016,0.7410994820983733,7
8,11394,0.24205022238159632,0.04010896107415841,0.19909695477635375,0.02844306774802306,0.9872642673775669,0.9590183155608212,0.9931101971908332,0.793167545059058,0.6168624072363882,0.2663481230988647,0.3151063388495734,0.35407946078163205,0.9486651369463868,0.9367005390442888,0.8622840115639119,0.7290032107209663,7
9,12660,0.2368557671391027,0.03862932055146179,0.19540702042392033,0.028194267215945805,0.9875746692338071,0.9596539296998413,0.9938590669681987,0.796842651654377,0.5834778529224973,0.2481820582779068,0.3003965269661311,0.3489926437085325,0.9512110285547787,0.9378068546037295,0.8730476941493974,0.7377203627160044,8
10,13926,0.23208975991731476,0.03730767749847276,0.19194984109005575,0.028322416655631004,0.987944929897314,0.9601722946287505,0.9944648625566263,0.8001217731355945,0.5534270496079416,0.23410841132598845,0.284686517534834,0.34632120552388107,0.9542650058275058,0.9393393065268064,0.8796195604207585,0.7390400246778126,9
11,15192,0.2256594870539638,0.03582656513116106,0.18703337440982248,0.027995474835178016,0.988384305884678,0.9607739682069528,0.9949841470340133,0.805154283003847,0.5447582717646252,0.22730299937679913,0.2837135900150646,0.33741682000232465,0.9548167977855477,0.9416775932400931,0.8851037001737672,0.7563897475518131,10
12,16458,0.22212677115889334,0.03459694635455524,0.18467209898053094,0.028577255229296467,0.9887403732227505,0.9611263329383865,0.9951852493207203,0.8074949607927874,0.5203425209179069,0.2153632234161099,0.27460207203120895,0.3037722399740508,0.9557091346153843,0.9410529574592076,0.8912174374482728,0.7498571162347724,11
13,17724,0.2182083082919437,0.03391451885670682,0.18142908364887486,0.028647057209634716,0.9888983511058467,0.9613176342812,0.995612876494982,0.8120490145382252,0.5139484326496269,0.20998194024926334,0.2727099557717641,0.31256539939027844,0.9578889860139858,0.9425298659673661,0.8945006955840922,0.7627910994532193,12
14,18990,0.21602363574890918,0.03318011847278324,0.18004971888581348,0.02793798387700936,0.9890723736176936,0.9614145191548185,0.9958276864200282,0.8129710760507209,0.496011833801414,0.19561388615913916,0.2697755215745984,0.30622424975489126,0.9588141025641027,0.9422230113636363,0.9062794152026961,0.7675026522681336,13
15,20256,0.2114266342002351,0.0322255319399843,0.17644474308166835,0.02756359551313788,0.989330321879939,0.9618761107819919,0.9960202495281214,0.8177954565901624,0.46997457697536005,0.1860541393980384,0.2530172025841294,0.3090323135256767,0.9611988272144523,0.9445995410839156,0.9103959406233016,0.7692022799870766,14
16,21522,0.2075064927221851,0.03166015595594924,0.1731450898046083,0.027012469851681126,0.9894790432464452,0.9624784014612963,0.9960234097556123,0.8218605349681457,0.45244783095338126,0.1800655819136988,0.24227662519975143,0.30105625928351376,0.96210118006993,0.9458661130536132,0.9129529471360485,0.7722377282462356,15
17,22788,0.2071961630459457,0.031066273942319044,0.17341832347261302,0.027115658651684273,0.9895975266587695,0.962213047985781,0.99648471767954,0.8207283577188348,0.4589968280810298,0.17418847083480973,0.25438828190619295,0.30420076102018356,0.9619691506410256,0.9434039918414918,0.9191222643887915,0.7655567715553447,15
18,24054,0.20187934426487167,0.03039478468760189,0.16873007471874849,0.027544846970111274,0.9898240027646131,0.9629159261453393,0.9966194064177518,0.8276362558667073,0.4624028700319203,0.17930323410440574,0.25344859673218295,0.29651033968636487,0.9617961465617717,0.9448007721445221,0.9160914419455416,0.7767624243394853,15
19,25320,0.19936156968511112,0.029958086800401056,0.16680153518327398,0.026019472842167997,0.9899813635466038,0.9630615620063189,0.9968012062373369,0.8285211499862755,0.46542335572567856,0.1835955927769343,0.2515888981746905,0.30238861093918484,0.9620520104895106,0.9449555652680655,0.914431245306551,0.7839322891838085,15
20,26586,0.19821386642483363,0.029887772879914908,0.16568498062131717,0.026411126595796756,0.9899721070300153,0.9631485732622438,0.9967984729133651,0.8296850199454031,0.44038151023965894,0.1712851920306231,0.24125997564106277,0.27836343442851846,0.9629015515734269,0.9455838432400934,0.9246015784593102,0.7815075374538072,16
21,27852,0.19537843393064788,0.02925896390060207,0.16343019502222728,0.026892749674318102,0.9900671406003163,0.9634540383096364,0.9970768298663238,0.8327505511749225,0.43079906115026184,0.1650422905487093,0.2367018937613025,0.290548751977357,0.9641162223193475,0.9469696969696972,0.9271963835063115,0.786450384579852,17
22,29118,0.19347366442430122,0.02866067183586529,0.1620033908117486,0.028096016935598087,0.9902133935623995,0.9634688487361768,0.9972610632109279,0.834919837762769,0.4099235234386993,0.1552797124692888,0.2273568898213632,0.2728691744533452,0.9657652243589743,0.9483728511072258,0.9338465415609185,0.8013496402620202,18
23,30384,0.19036724106799924,0.028424757914895363,0.15917247519474467,0.02770007965794954,0.9904355499605061,0.9637841874012645,0.9973201743222792,0.8391743548357287,0.41207653532425564,0.14973831907704924,0.23570829020305115,0.2662992788986726,0.96797694493007,0.9474495556526805,0.9321905331685096,0.7852743598828642,18
24,31650,0.18933966492801482,0.02781412047871034,0.1588130567581827,0.027124878001439062,0.9905639069905208,0.9637206259873602,0.997420111809838,0.8402746784005141,0.39869046504750394,0.1443089205122581,0.22907378152012825,0.25307760387659073,0.9685587849650351,0.9475606424825175,0.9351228426685714,0.8012078117393849,19
25,32916,0.18579419880022557,0.027371221940705515,0.15563531788463275,0.02787658852402939,0.9905947620458148,0.9641587677725139,0.9974877790835663,0.8438064573379388,0.3870182077993046,0.13824793342218705,0.22371880619814902,0.25051465878884,0.9693327505827504,0.9487006483100235,0.9434384257277492,0.811782029161228,20
26,34182,0.18321948993427306,0.026772960934215658,0.1536716138664486,0.027749149769538715,0.9907885317930475,0.9643488349131133,0.998052550947284,0.8467916950187865,0.3778475243033785,0.13615156456150793,0.2159003046425906,0.25795657887603296,0.9688811188811188,0.9496048222610721,0.9473739103621882,0.8131685893551355,21
27,35448,0.18136721813542206,0.025921430778439565,0.15261763696504335,0.028281501468600586,0.991065610189573,0.964646277646129,0.9976301626485896,0.8477338002128736,0.35911733453924005,0.11497775147753683,0.21905319663611325,0.25086384379502497,0.9729712995337995,0.9483783143939393,0.9516889378270585,0.8039192019433338,22
28,36714,0.18079242587242553,0.025777051393766588,0.1521259980146754,0.028893764205070987,0.9911162124802533,0.9644364632701425,0.9980782060035193,0.8492528156109563,0.3452561946980881,0.11708865788849918,0.2023881268546437,0.2577941103866606,0.97283835955711,0.9512210445804196,0.9500461024186079,0.8266804433683234,23
29,37980,0.17547421905066446,0.025156512616112486,0.14740054406767114,0.029171622855556426,0.9912427182069498,0.9652639958530788,0.9981138706638369,0.8547087786511194,0.35957140204581345,0.1255328215827996,0.21044336609316594,0.23595217073505576,0.9722173659673659,0.9497659892191143,0.9510049221492295,0.818853692192869,23
30,39246,0.17422593798411873,0.024440971893916058,0.14690046018801664,0.02884505643902161,0.9915481832543444,0.9652430144154809,0.9980095742643709,0.8547880832777351,0.3544330298900604,0.11865646345540881,0.21219447955037607,0.2358208732171492,0.9746567234848482,0.9504206730769229,0.9539810541585516,0.8232998844179834,23
31,40512,0.17086527753756697,0.023831132016480145,0.1440421515519585,0.02991994191108251,0.9917635515402852,0.9655966133491298,0.9982379321713463,0.8607910387364347,0.327340729534626,0.10264358419755643,0.20176192926186504,0.22935213882363203,0.975685642482518,0.9507202432983678,0.9628498762444265,0.8198383889533813,24
32,41778,0.16809682167277892,0.023370201315338714,0.1417311138898652,0.029955065992365092,0.9919708975118476,0.9659718108214842,0.9981589851724402,0.8637545860169477,0.33028652677030274,0.11312324536794965,0.1945514085166382,0.22611872174523093,0.9754115675990678,0.9523018648018649,0.9558359505630049,0.8325385862507619,24
33,43044,0.1681310464385279,0.023112347101981016,0.14208281562791616,0.029358835183937355,0.9919085703001581,0.965848390600315,0.9983316525978015,0.8627206851920284,0.32200575190963165,0.100495357172225,0.19813403780713226,0.23376354202628136,0.976957677738928,0.9521261290792544,0.9624832515273063,0.8357204749476286,25
34,44310,0.16415484948157322,0.02238506899332593,0.13891184831400052,0.028579322591064996,0.9921683698657179,0.9663056625197479,0.998418160826398,0.867340726309158,0.30455929763389356,0.0952246671076864,0.18564237733230446,0.23692248964851553,0.9782206075174823,0.9551673586829835,0.9596621071583675,0.8397580836005895,26
35,45576,0.16167796327757147,0.022061361152449575,0.13678854962279005,0.028280527451580263,0.9922763625592431,0.9666851796998424,0.9985526833061361,0.8697386972877561,0.297795955881928,0.0911895610025209,0.18261972871242146,0.23986667022109032,0.9795445439976689,0.9552720716783216,0.9670128722461432,0.8534158399018731,27
36,46842,0.15789524087679424,0.02125977039604564,0.13383066532824417,0.02804805220312205,0.9925534409557654,0.9671177675750386,0.9985158251952875,0.8736938872635449,0.30782697146589105,0.09627459225047266,0.18918858660441457,0.22363792077609987,0.9787815049533801,0.9539954836829835,0.9633602652898763,0.8390814035580648,27
37,48108,0.15805659513513368,0.021101938956288407,0.13409695551120754,0.028577007902830274,0.9925571435624009,0.9669017821879947,0.9986270972022949,0.8732874837588942,0.2971407315044692,0.08858025166079063,0.1872714590845686,0.2128902491972302,0.9795172275641024,0.9540519376456874,0.9725704202267488,0.8519961175855764,28
38,49374,0.15548342918626976,0.0208700601472946,0.13176959277223355,0.028437764584682706,0.9927009281200607,0.9672868532780394,0.9984293655763171,0.8757378180941471,0.30556956385121203,0.09451862962239167,0.18880349070285307,0.2224744422869249,0.9791621139277388,0.953980914918415,0.9636270719520483,0.8440824896506324,28
39,50640,0.15336932528522718,0.020424955580321008,0.13012069970145704,0.028236701699064993,0.9927768315560821,0.9674658125987363,0.9985433942595242,0.8796879711168774,0.295966135281505,0.09417853047224609,0.17954624861930357,0.2224135607706778,0.9800526296620045,0.9548504880536131,0.9666756340414617,0.8518211376530729,29
40,51906,0.15231366792198464,0.020103178920614567,0.12946900411842466,0.027414850357296107,0.9929008688783573,0.9675633145734596,0.9986363754396533,0.8803852787955156,0.2682033856258248,0.07801246907646683,0.16724036701700903,0.22950547019189055,0.9820239656177158,0.9571478001165503,0.9744105536624325,0.8578741044145469,30
41,53172,0.15111276613825,0.019818154066855623,0.128551582308711,0.027430297841434182,0.9929088911927315,0.9674189129146918,0.9987281778259877,0.8824913613234451,0.2846228177800323,0.08710192437424805,0.17517916417934679,0.22341728718443352,0.9801764641608394,0.9563055434149187,0.9710539182627634,0.8646490317376571,30
42,54438,0.15056766928901888,0.020080889525142503,0.12770911755472844,0.027776620851014556,0.9927971958925733,0.967401634083729,0.998704491303472,0.8835653038096142,0.2750963295499484,0.08306344429905893,0.17019985661362158,0.2183302670265689,0.9816488199300696,0.9571824009324006,0.973692230933148,0.8657862736158409,30
43,55704,0.1461666898528264,0.01931426452255125,0.12409230309286953,0.02760122372440723,0.9931261107819893,0.968192757701421,0.9988365031038829,0.8881030001466572,0.2738198853577628,0.08299965219515743,0.168965266396602,0.21854965569395007,0.9809932255244754,0.9570594769813516,0.9664563139885465,0.8707976490015543,30
44,56970,0.14519623394519984,0.01905221233868372,0.12336660918336814,0.027774124661545854,0.9932421257898901,0.9683710999210114,0.9989026475831753,0.8891911336680846,0.264920483935963,0.07541154708826181,0.16806319480141005,0.21445745353897414,0.9820594769813523,0.9566014714452212,0.9744756832345436,0.8681083905550331,31
45,58236,0.14391580454734454,0.018616428478593315,0.1225976687760385,0.027017071043504592,0.9933532039889416,0.9683118582148516,0.9988849539790599,0.8901287750158151,0.26662547502553824,0.07643181231282087,0.1682514255922852,0.21942238780585202,0.9824564758158507,0.956331949300699,0.9779031001879536,0.8686148639871177,31
46,59502,0.14444135511691253,0.018795713860656343,0.1228933597901633,0.027522814730814943,0.993221761453396,0.9680175009873637,0.9988698280439411,0.8903370309934039,0.2533206601034511,0.06827856193183723,0.16328485925315003,0.21757240480545795,0.9841592001748253,0.9571778481934732,0.9793354155584879,0.8777583060630303,32
47,60768,0.1415048576302909,0.018248919015426607,0.12055380787188408,0.02702130721499452,0.9934402152448651,0.9685661038704575,0.9990287139478644,0.8941521401465211,0.24642151029724063,0.06035658499538179,0.16485398703000761,0.21210937664815874,0.9860148965617715,0.9573900058275061,0.980289298629064,0.8730061734554458,33
48,62034,0.13980487091569774,0.01807717949170016,0.1189810138999074,0.027466774862965844,0.9934420665481841,0.9688061562006305,0.9990285878067582,0.8958887241154199,0.2498044270006093,0.06586645266647931,0.1625000507091031,0.21437921894319129,0.984423259032634,0.9572151806526804,0.9796043248183615,0.8764224132781926,33
49,63300,0.1397282126776015,0.01824371191403736,0.11884473778945975,0.02639762843454383,0.993417382503951,0.9688283718404437,0.9989120103771256,0.8953869870384534,0.25433980346177565,0.0706157146540301,0.16367330943996256,0.20050779402707564,0.9836119609557109,0.9570986305361306,0.9781931117110774,0.8752552845534165,33
50,64566,0.1381620021851801,0.017389525777222973,0.11803462585996348,0.027378506117646022,0.9937098884281205,0.9688302231437581,0.9990809444209308,0.8968001776550301,0.27230897184574243,0.07817441901671841,0.1740650719201023,0.20069480777689905,0.9824091273310023,0.9549324373543123,0.9789687621174752,0.8732417715938559,33
51,65832,0.13551633005246733,0.017528727444478767,0.11533614900110269,0.026514537461796453,0.9936858214849931,0.9692424466824655,0.9989839942583315,0.9021672908697314,0.2501929507336833,0.06695957508671915,0.1621314480223439,0.2110192473187591,0.9843977636946386,0.9575265879953381,0.9775028652866474,0.8800980897400226,33
52,67098,0.13543925543814475,0.017018909669441976,0.11570655509217467,0.027137908222386247,0.9938579926935239,0.9691906101895745,0.9991704508238277,0.9000355915751319,0.23913847135775018,0.06392943648318054,0.15488614796689062,0.20322887328538028,0.9849067599067597,0.9582286203379953,0.9804683518505106,0.883712855460079,34
53,68364,0.13377509224942133,0.016889534136262485,0.11421753243524081,0.026680260000670974,0.9938672492101108,0.9692078890205365,0.9990509224578145,0.902113253050049,0.22792344438758763,0.05328331627375023,0.15294662230845654,0.21693507717414337,0.9877995702214456,0.9587485431235431,0.9810850208404079,0.8774677713878924,35
54,69630,0.13224106208137332,0.01681206137345869,0.11278484834690607,0.026441522670165293,0.9939351303317525,0.969621963862558,0.9990660405842309,0.9035762826782634,0.23397629708051682,0.05892937114307036,0.1547247226716894,0.20322205239173138,0.9860158071095572,0.9585573280885779,0.982717762799042,0.8800400409504415,35
55,70896,0.13234344373440948,0.016733758352581275,0.11291876042786186,0.02690924898063614,0.993948089454976,0.969610856042656,0.9991427870369324,0.9044627789358386,0.22984781308156071,0.058110377959427285,0.15181280198422345,0.1992463365648732,0.9860057910839161,0.9590126019813519,0.9828298827224571,0.8902632578674665,35
56,72162,0.1311353934961143,0.01619493639040341,0.11225502315532022,0.02685433876366718,0.9941400078988945,0.9695991311216435,0.9992804450956533,0.9049208237613503,0.2367275274838462,0.06443072075842682,0.15224419421318805,0.2005261229068944,0.9852901005244753,0.9598785329254078,0.9832383399846292,0.8883291600959653,35
57,73428,0.12944918023760757,0.016123112267741012,0.1106123695250065,0.02713698420326386,0.9941264316745656,0.9698904028436015,0.9991499778113548,0.9064723008675527,0.23024545497063434,0.05775379219487535,0.15248596493267652,0.20005697373187903,0.9866905230186479,0.9587021051864804,0.9806313555888619,0.8812029538459722,35
58,74694,0.12794915882318456,0.01597658123545706,0.10929810929606948,0.02674468479812216,0.9942159113349122,0.9701606931279623,0.9991934013617836,0.9084251688205557,0.2145708372647112,0.0505119700506894,0.14421324567361313,0.19845621186223897,0.9879061043123541,0.960552338286713,0.982782853054829,0.8921856772850814,36
59,75960,0.12690149725666403,0.015618268817861448,0.10859021454266791,0.0269301388086089,0.9943473538704561,0.9702057415086899,0.9992084676655191,0.90962137981548,0.2278491176213279,0.06438626634189859,0.14429433034224945,0.1916851799257777,0.9857654064685315,0.9600269522144524,0.98138387729739,0.8966419988830767,36
60,77226,0.12576911950080785,0.015364033462559757,0.1076677789114192,0.027373069235952025,0.994420171800948,0.9704593700631926,0.9993108199292692,0.9100434263643064,0.21861333467743613,0.05075716064311564,0.14935201361323847,0.18504160992575414,0.9883204035547785,0.9591364364801866,0.986490535990259,0.8938886078180869,36
61,78492,0.12408343072219989,0.015022212099650835,0.10638819695457721,0.02673021328486914,0.9945516143364934,0.9706451174960511,0.9992751135178835,0.9128332044274046,0.2084092917767438,0.05285968676308227,0.1372627444339521,0.18286859661792265,0.9882675917832163,0.9614874708624708,0.9812709916425524,0.9009803058205361,37
62,79758,0.12199341367759504,0.014951544097752088,0.10437530240464785,0.02666567069571024,0.9946009824249593,0.9710573410347556,0.9992598112118184,0.9151275158293067,0.22211061677697932,0.05592234116766397,0.14751133119518106,0.18676943687552755,0.9871366914335663,0.9611551209207458,0.9849742290528855,0.8974121350332491,37
63,81024,0.12352096891298443,0.01490145905982809,0.10579927442713065,0.02820235572087374,0.9946725661532392,0.9707673035150095,0.9991751161650385,0.9128639406129092,0.1987038098952987,0.04638517068903611,0.13201451047577642,0.20304128770349603,0.9891344332750579,0.9631901952214452,0.9883462983329832,0.9075548041509369,38
64,82290,0.12103384141155517,0.01437908181130166,0.10379915421984584,0.028556053809921652,0.9948595477883105,0.9712196386255921,0.9993254879973055,0.9152089974751954,0.2096200787434072,0.05207324549414669,0.13884017424601497,0.18706657446807984,0.9882848921911424,0.9621813082750581,0.9813476152728589,0.9014991838822531,38
65,83556,0.1185157132816117,0.01385590294233485,0.1018121398596967,0.028476704595431,0.9950292505924178,0.9716750592417067,0.9992959510078346,0.918165799637519,0.19967500854170683,0.04732767307326536,0.13275362387525314,0.19593711095777425,0.9894950101981352,0.9638375946969698,0.9865890381705227,0.9051432992767612,38
66,84822,0.11670349938515427,0.013530769482019393,0.10032886348511746,0.02843866436882018,0.9950915778041064,0.9720792604660339,0.9992730100619892,0.9194492380718121,0.19598797957102457,0.04292700528061356,0.13373072902587327,0.19330244771007335,0.9907533872377622,0.9637255973193475,0.9882556138930325,0.9103853751156743,39
67,86088,0.11532682445047218,0.013407154936781322,0.09906756626968288,0.028521032970086752,0.9952131467219579,0.9723514020537142,0.999320108533383,0.9203797782701374,0.18706389245661822,0.038673771479586845,0.12839384918863123,0.1999627102279302,0.9915118735431236,0.9652025058275058,0.9880347354429728,0.912512666821886,40
68,87354,0.11372821845590927,0.013264525499984572,0.09750752095397897,0.02956171973577537,0.9952285742496059,0.9727173430094788,0.9992865772637443,0.9226666943352383,0.1889015810959267,0.04544235136585705,0.12604562317331633,0.17413605258546092,0.99050025495338,0.9643420381701633,0.9878559693320894,0.9119146463025078,40
69,88620,0.11057827882409849,0.012789146774588226,0.0949335345545251,0.028555974744607533,0.9953649535939956,0.9733912174170615,0.9993119830242181,0.9257528701379801,0.17495344319578374,0.03485183203222484,0.1214707184470061,0.1863089304868922,0.9922339379370625,0.9660174460955712,0.991540303731622,0.9134562576324045,41
70,89886,0.10989735247405455,0.012584638987323843,0.09438800908283788,0.029247044444401966,0.9955186117693513,0.9734294776856245,0.9994047709931775,0.9264647190851794,0.1797555521356337,0.03837560832846176,0.12394314581020312,0.17436800321394746,0.9915510270979021,0.9656195367132869,0.9889083632649712,0.9150517929691845,41
71,91152,0.10711423493038986,0.01220644859031137,0.09194766202349247,0.029601243662973058,0.9956722699447061,0.9740009133096362,0.9992957636120501,0.9290338545598891,0.18139540381503827,0.04445341276357684,0.11767331358384002,0.19268677135308585,0.9905066287878787,0.9678558420745925,0.9907698433204838,0.9245437487753135,41
72,92418,0.10621003069330778,0.0118788340054463,0.09143684423524198,0.028943524472297744,0.9957364484597148,0.9740311512638239,0.9994471079489476,0.9302188585868217,0.1813659228836045,0.04106372156534097,0.12341045373768518,0.1689174652212497,0.9908690268065268,0.9653472829254077,0.9915203148666198,0.9240137214153018,41
73,93684,0.10477426969909696,0.011953693008565087,0.08989757311193487,0.02923003424806476,0.9956889316745655,0.9745433451816743,0.9993922898759248,0.9321710548514901,0.18087806383317168,0.0399528507815293,0.12227655563390616,0.18648657383340778,0.9915719696969694,0.9667085518648022,0.9904156881562058,0.9248933532113677,41
74,94950,0.10424301675763599,0.011492937059120729,0.08984389401292561,0.029061858313478895,0.9959228129936802,0.9743224229857819,0.9995476845642031,0.9317579620483594,0.16672267990581918,0.03327320409924582,0.11507103445403503,0.18378442187200894,0.9926955856643356,0.9678285256410257,0.9915959702217594,0.931873417089406,42
75,96216,0.10095121674121933,0.01121930314071063,0.08680467461316742,0.029272389914516778,0.9960215491706164,0.9750506022906776,0.9994356695028429,0.9360388905461359,0.16680887081857884,0.03625304960763914,0.1121336892811638,0.18422131443565543,0.9923577724358973,0.9681581439393936,0.9909261456247024,0.9300290053687391,42
76,97482,0.09997577623921736,0.010940583339330665,0.0861184160176541,0.029167767676655763,0.9961418838862545,0.9751203347156403,0.9994338577013603,0.937075236313727,0.16486127144007973,0.03462133255423837,0.11176027888149927,0.18479660966179587,0.9921000874125874,0.9682309877622377,0.9918456916552455,0.9295207958336513,43
77,98748,0.09951949167237463,0.01084962061350804,0.0857931867353677,0.02876684451872986,0.9961665679304895,0.9752807810031604,0.9994224196404091,0.9377556499610915,0.15792547911405563,0.03482200211190943,0.10408678611345364,0.19016690761076682,0.992571751165501,0.9700957896270399,0.9917927478816152,0.9372260894373032,44
78,100014,0.09798215963181821,0.01055079952645269,0.08452083335197744,0.029105270291733047,0.9962313635466036,0.9755307069510252,0.999585899718337,0.9387379855772818,0.15278171194773732,0.030805806635147415,0.10437682931396094,0.17599076190681168,0.9933584644522142,0.968961247086247,0.9923011677845803,0.933943664155647,45
79,101280,0.09729397597341646,0.01030991248002807,0.08414089588645557,0.028431675571942403,0.9963152892969988,0.9755479857819902,0.9995410788938989,0.9396129443095198,0.15531591111511894,0.02795478158391647,0.10941413332792846,0.17946996889782674,0.994070512820513,0.9687108464452213,0.9960254664103837,0.9379276177555986,45
80,102546,0.09561283494505088,0.010092205247296177,0.0825930727715954,0.029275569557925867,0.9964004492496048,0.9759114583333343,0.999464565808703,0.9407900198428707,0.15080043142943672,0.02842575298739052,0.10421800630336459,0.18156670609658415,0.9941360722610721,0.9699182328088576,0.9937896111301536,0.9359668769514056,46
81,103812,0.09455996492103708,0.009808102806030046,0.08192901844438312,0.028228436414988074,0.9965559587282785,0.9760287075434434,0.9995496256348904,0.9425156662401615,0.1502696147019213,0.03144662434605187,0.10095280911209005,0.17870181861023107,0.9936598557692307,0.9704563665501162,0.9930124848972697,0.9368421592390165,47
82,105078,0.09379283367494169,0.009621294800731527,0.08126241009340389,0.029091286082350388,0.9966164346366492,0.9763310870853066,0.9995637075351811,0.9426528689116344,0.15561572992891975,0.030695348087289003,0.10799450257962401,0.16925881136998985,0.9939767263986012,0.9688155594405595,0.9927794930755719,0.9415934344943215,47
83,106344,0.09164849000631303,0.00960065275546083,0.07905939253750383,0.029884447452522472,0.9965979216034729,0.9767143068720374,0.9995222877328811,0.9459603216321648,0.14738685468381102,0.029849449814223175,0.10104119772035064,0.16496205747579085,0.9934558930652682,0.9706148018648019,0.9932022908668084,0.942227316201884,48
84,107610,0.09104001426577897,0.009133726039145137,0.07897079606227117,0.029354921360404525,0.9968151411927315,0.9768395783965242,0.9995584309146714,0.9446642394538795,0.14585632334152857,0.029680531754682746,0.09983028544846809,0.1634550453022574,0.9939821896853146,0.9712703962703965,0.9928197765369264,0.9446436903690182,49
85,108876,0.08944914418461734,0.009089521116961093,0.0774230943596131,0.029365287458827192,0.9968583382701415,0.9771956457345986,0.9994562915888872,0.9457951970657963,0.14232809412660022,0.023933052117530624,0.10104445458361597,0.17350586486810987,0.9950948790792542,0.9705082677738928,0.9955468116726564,0.9424319401568512,50
86,110142,0.08858257476263845,0.008837483616239218,0.07686839084138014,0.02876700148925091,0.9969836097946271,0.9773758392575043,0.9995428692871182,0.9468855892884177,0.13977862454273485,0.026523235915660873,0.09625661471915065,0.16998774744570255,0.9945858828671327,0.9718686261655016,0.9954305524912979,0.9454985275651334,51
87,111408,0.08795083703438934,0.008647358021694295,0.07648355704789482,0.02819922012181314,0.9970021228278028,0.9775788655213271,0.9996685066023241,0.9471000445413711,0.14062025770545006,0.02408370592104003,0.09973559726142522,0.16800954108211127,0.995207787004662,0.9711565777972029,0.995924913204849,0.9409716642404645,51
88,112674,0.0863908191592584,0.008236988139402804,0.07523008686624486,0.029237441944420385,0.9971742940363314,0.9779256763428125,0.9997078394171238,0.9478638811525852,0.13291678205132484,0.02276918361938883,0.09381143043212818,0.1633616802141522,0.9953990020396268,0.9728920818764571,0.9941138691024138,0.9403758365316225,52
89,113940,0.08485899999587669,0.008121899203538025,0.07384118652684793,0.028959141756550632,0.99721502270932,0.9784526806872039,0.9995658952081788,0.9489403547842913,0.13204969781817813,0.024734015204999057,0.09009135508853378,0.17224328609352763,0.995207787004662,0.9742178394522145,0.9951729808939198,0.9505623066123894,53
90,115206,0.08428453292262168,0.007896596998785095,0.07349213402524096,0.02895801918990145,0.9973390600315946,0.978639662322275,0.999568865921115,0.9488108919472944,0.12602775724548282,0.022082079982724143,0.08690249225632711,0.17043184314036008,0.9958041958041957,0.9752804487179486,0.9961798887688216,0.9483612369223007,54
91,116472,0.08217427680948616,0.007804791695077642,0.07141087251887503,0.02958612531529501,0.9973686808846743,0.9792610831358597,0.999642707661719,0.9504278129871869,0.12880972772836685,0.022408015754163815,0.08950680796282762,0.1689490374516357,0.9955556162587411,0.9750573645104896,0.9974580545940923,0.9486988405739123,54
92,117738,0.08158490283916459,0.007654492930965202,0.0709543932438447,0.029760167384476035,0.9974538408372803,0.9794079531990533,0.999646828416739,0.9507304806608942,0.12363310468693574,0.021700337943140326,0.08522874145119479,0.16704024470439463,0.9958633814102565,0.9758204035547784,0.9964903935670064,0.9551194243554207,55
93,119004,0.07865600701777183,0.007165216839501882,0.06849490868592685,0.0299588156905243,0.9975939227883077,0.9801453890205383,0.9996710976268889,0.9533537242497201,0.11733611261077,0.020767646319613545,0.07856447926976463,0.18003986448501097,0.9962540064102562,0.977245410839161,0.9953096448056123,0.9595935601864881,56
94,120270,0.07737660008860756,0.007072987863686381,0.06736524786585339,0.029383643584011056,0.997643290876773,0.9804471514612935,0.9995683969089502,0.9542441207309172,0.12370994167797493,0.02359703864699854,0.08363940645799492,0.1647349660369483,0.9958169434731934,0.9768420381701632,0.9962827996918906,0.9524162867328064,56
95,121536,0.0756403727079543,0.006739929333336282,0.06591879225134266,0.029816511267351832,0.9977710308056834,0.980962430884677,0.9996133286883445,0.955449777151653,0.11822079562328079,0.018256060715815915,0.0839881816822471,0.15976552253193926,0.9964033362470862,0.9770296110139857,0.9970914502164503,0.9541917159506115,56
96,122802,0.07532742093622502,0.006571990414377184,0.06582274786409985,0.02932682689897257,0.9978210159952575,0.9809729216034757,0.9997112166323693,0.954786233382843,0.1117490776108973,0.018463627286495688,0.07578197051065438,0.17503478265169894,0.9964880171911422,0.9789144449300702,0.9969672054349472,0.9586557273152199,57
97,124068,0.07343970011187037,0.006551357491447544,0.06387674813578126,0.03011594450110084,0.9978635959715607,0.9816005134281212,0.9997162090122234,0.9567620826505101,0.11747429232028397,0.02441820948995359,0.07559378479014743,0.17462297167741891,0.9956466710372959,0.9779884178321677,0.9954916261486454,0.9608290282474389,57
98,125334,0.07282840966145504,0.006266834323917366,0.06358010999455248,0.029814653743005477,0.9980345329778786,0.9818399486571888,0.9996484934574049,0.9564825103300775,0.11540989188308065,0.018612996266959024,0.08020924779614716,0.1658764650875872,0.9965909090909094,0.9782743298368302,0.9960584286843616,0.9564257113764908,57
99,126600,0.0700788203807839,0.006066854341152123,0.06099688210693816,0.030150838938540238,0.9980332987756683,0.9824928416271734,0.9996792491450663,0.9593745849488707,0.10836100487998038,0.018822114919940403,0.07242382326248017,0.17115064947442574,0.9966947115384617,0.9805088141025642,0.9974307204145914,0.959212780712403,58
